company_name,website,isProductOrService
The Laundry Basket IN,http://www.thelaundrybasket.in,Unclassified Website
MYITMANAGER.in,http://www.myitmanager.in,Product Website
Aritron Technologies Pvt,http://www.aritron.com,Service Website
Paylesser.com,http://www.paylesser.com,Unclassified Website
Pioneer Websystem Private,http://www.pioneerwebsystem.com,Service Website
Making You Live Pvt,http://www.makingyoulive.com,Service Website
KittyFlo,http://www.kittyflo.com,Unclassified Website
TouchCodes India Private Limited,http://www.touchcodes.in,Service Website
Stellant Communications Pvt,http://www.stellant.in,Service Website
TechChefs Software Pvt,http://www.techchefs.in,Domain not Available
Startupcatz,http://www.startupcatz.com,Product Website
Kenwaves,http://www.kenwaves.com,Product Website
Equity Venture Finance,http://www.equityvc.in,Service Website
Jewelove,http://www.jewelove.in,Product Website
Domis Tech Private Limited,http://www.domistech.com,Service Website
Kavaye InfoTech Services,http://www.kavaye.com,Service Website
Dreamzz InfoTech,http://www.dreamzzinfotech.com,Service Website
Thinklayer,http://www.thinklayer.com,Service Website
Aiddition,http://www.aiddition.com,Product Website
NoBounds Technology,http://www.noboundstech.com,Service Website
Zenoxx Knowledge Services Private Limited,http://www.zenoxxknowledge.com,Service Website
Fennec,http://www.fennecstudios.co.uk,Unclassified Website
WEBSAMG,http://www.websamg.com,Service Website
Udvavisk Technologies Pvt,http://www.udvavisk.com,Service Website
Quadratyx,http://www.quadratyx.com,Service Website
Florista India Pvt,http://www.florista.in,Product Website
Sresol,http://www.sresol.com,Service Website
Printrove Products Pvt,http://www.printrove.com,Product Website
DataSherpa.io,http://www.datasherpa.io,Service Website
BOSS Webtech Private Limited,http://www.bosswebtech.com,Product Website
HumInt Consulting Private Limited,http://www.humintindia.com,Domain not Available
GuruTAP,http://www.gurutap.in,Unclassified Website
Centum Technologies Private Limited,http://www.centumtech.com,Service Website
V360,http://www.vusic360.com,Product Website
KleverMIND,http://www.klevermind.com,Service Website
Switchy,http://www.switchy.in,Product Website
Iranshi Technology,http://www.iranshitechnology.com,Service Website
Meghana IT Services,http://www.meghanaits.com,Service Website
SquadLogic,http://www.squadlogic.in,Service Website
ViaSocket,http://www.viasocket.com,Product Website
Chakra Cloud Security Solutions,http://www.chakrasecure.com,Service Website
Websquare Technology,http://www.websquare.co,Product Website
Digit Software Solutions,http://www.digitsoftsol.com,Service Website
Ace Technosys,http://www.acetechnosys.com,Product Website
Polymart Private Limited,http://www.polymart.in,Product Website
Furtim Technologies Private Limited,http://www.furtimtechnologies.com,Service Website
infiniValue Pvt,http://www.infinivalue.com,Service Website
SARANI Retail And Marketing Private Limited,http://www.sarani.co.in,Unclassified Website
Intelligence7,http://www.intelligence7.in,Unclassified Website
Handyland,http://www.handyland.in,Unclassified Website
QDesk Data Solution & Services,http://www.qdeskdss.com,Service Website
Natsav,http://www.natsav.com,Unclassified Website
ArtWorksIT,http://www.artworksit.com,Unclassified Website
Ameyem Geo Solutions,http://www.ameyem.com,Unclassified Website
IoTracX,http://www.iotracx.com,Domain not Available
Symtotal,http://www.symtotal.com,Unclassified Website
ACUMEN JURIS,http://www.acumenjuris.com,Unclassified Website
i-Quall Infoweb,http://www.i-quall.com,Unclassified Website
Mask Venture,http://www.maskventures.co.in,Service Website
Vaaree,http://www.vaaree.com,Product Website
Drivedge Infosolutions,http://www.drivedge.com,Service Website
Marudhar Packaging,http://www.marudharpackaging.com,Product Website
Excellence4u Worldwide,http://www.excellence4u.in,Domain not Available
Proceso,http://www.proceso.in,Product Website
BIPL,http://www.bunkinfotech.in,Service Website
Theorax Dynamics Private Limited,http://www.theorax-dynamics.com,Service Website
Empiezo IT Solutions Pvt,http://www.empiezoitsolutions.com,Unclassified Website
GeeNee Fintech Pvt,http://www.geeneefintech.com,Service Website
Stavyah,http://www.stavyah.com,Service Website
Kumowiz,http://www.kumowiz.com,Unclassified Website
Astix,http://www.astix.in,Service Website
SecurBay Services Pvt,http://www.securbay.com,Service Website
BiggMart.com,http://www.biggmart.com,Product Website
BestBookBuddies,http://www.bestbookbuddies.com,Product Website
MonadPlus TechLabs Pvt,http://www.monadinfotech.com,Service Website
CogCons,http://www.cogcons.com,Service Website
Digitory Solutions Pvt,http://www.digitory.com,Product Website
247EasyTravel.com,http://www.247easytravel.com,Domain not Available
Cloud,http://www.cloud-technologies.in,Service Website
GenNxt,http://www.gennxt.co,Unclassified Website
ADesignArts,http://www.adesignarts.com,Product Website
Amethyst Online Consultants Pvt,http://www.amethystonline.in,Service Website
Synaps Web Tech Pvt,http://www.synapstechnologies.com,Unclassified Website
EZ Life Retail Pvt,http://www.ezlife.in,Product Website
Digital Net India,http://www.digitalnetindia.com,Service Website
jnaapti,http://www.jnaapti.com,Product Website
WebCuits,http://www.webcuits.com,Service Website
Mohesu,http://www.mohesu.com,Service Website
Zero Integration Private Limited,http://www.zerointegration.com,Product Website
Trans India,http://www.transindiatechnologies.com,Service Website
Techno Kaksha,http://www.technokaksha.com,Product Website
Baapstore,http://www.baapstore.com,Product Website
DATASMITH AI SOLUTIONS PVT,http://www.data-smith.ai,Service Website
System Solutions Birati Kolkata,http://www.systsol.com,Product Website
Acelin Creations,http://www.acelincreations.com,Service Website
Eminent Coders,http://www.eminentcoders.com,Service Website
HackerBook,http://www.hackerbook.in,Service Website
Praxon Informatics,http://www.praxoninfo.com,Service Website
ilandlo Services Pvt,http://www.ilandlo.com,Product Website
Electricguru,http://www.electricguru.com,Domain not Available
Growthzaa Digital Marketing Agency,http://www.growthzaa.com,Service Website
Funku Online Retail Services,http://www.forsonline.in,Product Website
Wrebb Digital Solutions,http://www.wrebb.com,Product Website
XenArmor,http://www.xenarmor.com,Product Website
WEBDIGITA,http://www.webdigita.com,Service Website
Cosmoneural,http://www.cosmoneural.com,Service Website
EcobSoft,http://www.ecobsoft.com,Product Website
Lumata Digital,http://www.lumatadigital.com,Service Website
Marva.AI & Innovation for GOOD,http://www.marva.ai,Service Website
Calotropis,http://www.calotropis.in,Unclassified Website
ARJH tech Labs,http://www.arjhtechlabs.com,Service Website
Indiabazaaronline,http://www.indiabazaaronline.com,Product Website
Hypebrand® Private Limited,http://www.hypebrands.in,Service Website
AgilizTech Software Services Private Limited,http://www.agiliztech.com,Product Website
Lifetrons,http://www.lifetrons.in,Product Website
Interface Matters,http://www.interface-matters.com,Domain not Available
Blastistic,http://www.blastistic.com,Domain not Available
Infomanav,http://www.infomanav.com,Service Website
Qwesys Digital Solutions,http://www.qwesys.com,Service Website
Website Redesign for Results,http://www.websales.co.in,Product Website
Hence Data Innovations Pvt,http://www.hencedata.com,Service Website
Spagylo Tech,http://www.spagylo.com,Service Website
Mandaliya,http://www.mandaliya.com,Service Website
Tricky Mind Solution,http://www.trickymindsolution.com,Domain not Available
Colossom IT Solutions,http://www.colossom.com,Unclassified Website
KATALYSST,http://www.katalysst.com,Product Website
Kadambaby,http://www.kadambaby.com,Product Website
EYE-D,http://www.eye-d.in,Product Website
Communifi,http://www.communifi.in,Unclassified Website
GARAGE 2 GHAR,http://www.garage2ghar.com,Domain not Available
OCIO Technology Private Limited,http://www.ociotechnology.com,Service Website
TSARA,http://www.tsara.in,Product Website
NITZZ Global IT Services Pvt,http://www.nitzz.in,Unclassified Website
Vydik Services Private Limited,http://www.vydik.com,Unclassified Website
Clinito.com,http://www.clinito.com,Domain not Available
Fabcouture.in,http://www.fabcouture.in,Service Website
SATHYA Technosoft PVT,http://www.sathyainfo.com,Product Website
Zenoholics,http://www.zenoholics.com,Service Website
Capaz Software Labs,http://www.capazlabs.com,Product Website
Vernier Pvt,http://www.vernier.tech,Unclassified Website
ThinkCore,http://www.thinkcoretech.com,Unclassified Website
NEO CODERZ,http://www.neocoderztechnologies.com,Service Website
Technology Next,http://www.technology-next.com,Service Website
Artemas Technologies Private Limited,http://www.artemasdigital.com,Service Website
BIG RECRUIT CONSULTING,http://www.bigrecruit.com,Unclassified Website
!Chaturlocal,http://www.chaturlocal.com,Product Website
GoCodeo,http://www.gocodeo.com,Unclassified Website
Framework Infotech,http://www.frameworkinfotech.com,Service Website
BizTranSys Solutions Pvt,http://www.biztransys.com,Unclassified Website
Crossobject Private Limited,http://www.crossobject.io,Service Website
deswe.com,http://www.deswe.com,Unclassified Website
DataSlexIndia,http://www.dataslexindia.com,Service Website
Covert Infolabs pvt,http://www.cybersecur.in,Service Website
Lawinzo,http://www.lawinzo.com,Service Website
SMTP Provider Pvt,http://www.smtpprovider.com,Service Website
Lycka Infolab Pvt,http://www.lyckainfolab.com,Service Website
ECSTATIC INFOTEL PRIVATE LIMITED,http://www.ecstaticinfotel.com,Service Website
Zyntegra,http://www.zyntegra.com,Service Website
Hazlo Solutions,http://www.hazlosolutions.in,Service Website
GetMeCab,http://www.getmecab.com,Service Website
CakeWAY.In,http://www.cakeway.in,Product Website
Pulpypapaya,http://www.pulpypapaya.com,Unclassified Website
TripMemo Adventure Travel Community,http://www.tripmemo.com,Domain not Available
Micro Green Housing Finance Pvt,http://www.microgreenhf.com,Product Website
Erobern Technology Solutions Pvt,http://www.eroberntechnology.com,Unclassified Website
Web Wonderz,http://www.web-wonderz.com,Service Website
Vmoksha,http://www.vmokshagroup.com,Product Website
Preksh Innovations Private Limited,http://www.preksh.com,Product Website
OnGrid,http://www.ongrid.in,Service Website
iTuple,http://www.ituple.com,Service Website
Blinglane,http://www.blinglane.com,Product Website
Digiholic,http://www.digiholic.io,Domain not Available
Beltalk Technologies Pvt,http://www.beltalk.net,Service Website
RichTech IT,http://www.richtechindia.com,Product Website
Tech Accord,http://www.techaccord.in,Unclassified Website
Titanium Tekzi,http://www.titaniumtekzi.com,Service Website
BrinkView,http://www.brinkview.com,Service Website
PiVisions Direct,http://www.pivisions.com,Product Website
Fortune Tech Private Limited,http://www.fortunetechsolutions.com,Service Website
Data Confiance Tele Communication Pvt,http://www.dataconfiance.com,Service Website
Igen Software Solutions,http://www.igensoftware.com,Service Website
Jiffystacks,http://www.jiffystacks.com,Unclassified Website
CIntelligence,http://www.cintelservices.com,Domain not Available
Rhyzome Studio,http://www.rhyzome.studio,Service Website
Mighty Curvets,http://www.mightycurvets.com,Unclassified Website
Walnut Medical Private Limited,http://www.walnutmedical.in,Product Website
Codoffer Infotech,http://www.codoffer.com,Unclassified Website
Simple Tree,http://www.simpletree.co.in,Domain not Available
Indicrypt,http://www.indicrypt.com,Service Website
ProTechGenie,http://www.protechgenie.com,Service Website
BeadsnFashion.com,http://www.beadsnfashion.com,Product Website
Mansaa,http://www.mansaa.io,Product Website
Sanicon IT Services Pvt,http://www.saniconservices.com,Product Website
Lynxx Digital,http://www.lynxxdigital.com,Service Website
ATM Softek,http://www.atmsoftek.in,Service Website
Quad SoftTech,http://www.quadsofttech.com,Product Website
Afford Solutions,http://www.afford-solutions.com,Unclassified Website
iGniTe Inclusive,http://www.igniteitc.com,Unclassified Website
Infinity Incorporation,http://www.infinityincorporation.com,Domain not Available
Rolling Nature,http://www.rollingnature.com,Product Website
Ipfy®,http://www.ipfy.com,Unclassified Website
GoldPalm InfoTech Private Limited,http://www.goldpalminfotech.com,Unclassified Website
YSM Media Labs Pvt,http://www.ysmlabs.com,Service Website
Hatchfactory,http://www.hatchfactory.in,Unclassified Website
Kreon Solutions,http://www.kreonsolutions.com,Service Website
Makwiz,http://www.makwiz.com,Service Website
Infizer,http://www.infizer.com,Product Website
Kokri Web Solutions,http://www.kokriweb.com,Unclassified Website
TimeForPet Online Pvt,http://www.timeforpet.com,Product Website
EtechFactory,http://www.etechfactory.com,Product Website
Swasthyakart,http://www.swasthyakart.com,Product Website
Oriflamme IT Solutions,http://www.oriflammeitsolutions.com,Service Website
MindTraits Innovations Pvt,http://www.mindtraits.com,Service Website
Apex52,http://www.apex52.com,Product Website
Orange IS Pvt,http://www.orangeonline.net,Unclassified Website
GAP Miners India Pvt,http://www.gapminers.com,Domain not Available
PinkBlueIndia.com Indian Kids Wear Clothes,http://www.pinkblueindia.com,Product Website
FusionBizCorp Solutions,http://www.fusionbizcorp.com,Service Website
FintechGie,http://www.fintechgie.com,Domain not Available
KaiGen India,http://www.kaigenit.com,Service Website
CREATISIDE IT,http://www.creatiside.com,Service Website
TecoBytes,http://www.tecobytes.com,Service Website
Anzy Careers,http://www.anzyglobal.com,Service Website
Thoughtlytics,http://www.thoughtlytics.com,Service Website
AinoSoft,http://www.ainosoft.com,Service Website
Elastic Tree,http://www.elastictree.com,Product Website
magnum telesystem,http://www.magnum.org.in,Product Website
Vedanshi System Pvt,http://www.vedanshis.com,Service Website
Leadows,http://www.leadows.com,Service Website
TYMK Group,http://www.tymkgroup.com,Product Website
FashionCrab.com,http://www.fashioncrab.com,Product Website
Runrate,http://www.runrate.ai,Product Website
Discount Kitna Milega,http://www.discountkitnamilega.com,Unclassified Website
Webbleu Technologies Pvt,http://www.webbleu.com,Domain not Available
Cheer Shopping,http://www.cheershopping.com,Product Website
True North Consultants,http://www.truenorthserv.com,Unclassified Website
Ardhan Labs,http://www.ardhanlabs.com,Unclassified Website
iCtrlBiz Consulting Pvt,http://www.ictrlbiz.com,Unclassified Website
rirev,http://www.rirev.com,Product Website
Cybercreek Solutions Pvt,http://www.cybercreeksolutions.com,Unclassified Website
iMuhandis Solutions Private Limited,http://www.imuhandis.com,Service Website
Bqurious,http://www.bqurious.com,Service Website
Intellytics Solutions,http://www.intellyticssolutions.com,Service Website
Elesys,http://www.elesyss.com,Unclassified Website
Mukt Ultra Electric & Automation,http://www.ultrajpr.in,Domain not Available
Go Beyond Travels,http://www.gobeyondtravels.com,Unclassified Website
Imagine World,http://www.imagineworld.co.in,Unclassified Website
Right Steps Analytics,http://www.rightsteps.io,Domain not Available
clickzippy.com,http://www.chemicals4construction.com,Product Website
Nonlinear,http://www.nonlinear.in,Product Website
SuperMinions AI,http://www.superminions.ai,Domain not Available
Arogyam Medisoft Solution Pvt,http://www.arogyammedisoft.com,Product Website
Nouveaucomm Networks Research Centre Private Limited,http://www.nouveaucomm.com,Product Website
Babjiinfo,http://www.babjiinfo.com,Product Website
PVNSOFT Solutions Private Limited,http://www.pvnsoft.com,Service Website
Bitsonline,http://www.bitsonlinetech.com,Product Website
greenojo,http://www.greenojo.com,Service Website
Tuff Geekers Web Solutions,http://www.tuffgeekers.com,Domain not Available
Expansive Solutions,http://www.expansivegroup.com,Service Website
Pro Up India,http://www.proup.in,Unclassified Website
TechSpark,http://www.techsparktechnologies.com,Service Website
Tebi,http://www.tebitechnology.com,Service Website
Team Moplet,http://www.moplet.com,Service Website
TALISMAN,http://www.talismanworld.com,Product Website
Devops Technologies Delhi,http://www.dev-ops.in,Unclassified Website
SkoolAdmission,http://www.skooladmission.com,Service Website
Dominance,http://www.dominancetech.com,Service Website
ADDYZ,http://www.addyz.net,Product Website
Mindtricks,http://www.mindtrickssoftware.com,Service Website
Machintelli,http://www.machintelli.com,Service Website
Medsherb,http://www.medsherb.com,Product Website
Inditek Pioneer Solutions Pvt,http://www.inditeks.com,Service Website
Healthy18,http://www.healthy18.com,Product Website
6Benches.in,http://www.6benches.in,Unclassified Website
InfyIoT Solutions,http://www.infyiot.com,Service Website
ZeusMission,http://www.zeusmission.com,Product Website
Trade Vectors,http://www.tradevectors.com,Service Website
OneGreenDiary Software Pvt,http://www.onegreendiary.com,Service Website
First Call BPM KPO LPO,http://www.firstcallteleservices.com,Service Website
uSiS Technologies Pvt,http://www.usistech.com,Domain not Available
Cx Sol,http://www.cxsol.co.in,Domain not Available
Appbirds,http://www.appbirds.co,Domain not Available
Dhindoraa,http://www.dhindoraa.com,Domain not Available
SEAGUL INFOTECH,http://www.seagulinfotech.com,Domain not Available
Juststickers,http://www.juststickers.in,Domain not Available
Whizzy Geeks Internet Services Private Limited,http://www.whizzygeeks.com,Domain not Available
envsecrets,http://www.envsecrets.com,Domain not Available
Phoenix TalentX Branding,http://www.phoenixtalentxbranding.com,Domain not Available
Thoughtbees,http://www.thoughtbees.com,Domain not Available
Ostrya Labs,http://www.ostryalabs.com,Domain not Available
Singularity,http://www.singularity.in,Domain not Available
Klar,http://www.klarsys.com,Domain not Available
Santronix,http://www.santronix.com,Domain not Available
Digifame Media,http://www.digifame.in,Domain not Available
Kalp,http://www.kalpsystems.com,Domain not Available
Aibi,http://www.aibitech.in,Domain not Available
HostPalace Web Solution Private Limited,http://www.host-palace.com,Domain not Available
Elvento Labs Private Limited,http://www.elvento.com,Domain not Available
Ozonet,http://www.ozonet.co.in,Domain not Available
Techl33t Infosystems Private Limited,http://www.techl33t.in,Domain not Available
Webtech Softwares Pvt,http://www.webtechsoftwares.com,Domain not Available
Ittanta Technologies Pvt,http://www.ittanta.com,Domain not Available
Turtlecap Technology,http://www.turtlecap.com,Domain not Available
Visa Lounge,http://www.visalounge.com,Domain not Available
Pravridh,http://www.pravridh.co.in,Domain not Available
Zaapr Digital,http://www.zaapr.com,Domain not Available
RoomStory.com,http://www.buildingblox.in,Domain not Available
iTechSolns &,http://www.itechsoln.com,Domain not Available
ThoughtNIdea Software Solutions,http://www.thoughtandidea.com,Domain not Available
tec.know Solutions Pvt,http://www.tecknow.in,Domain not Available
Adisap Systems Private Limited,http://www.adisap.com,Domain not Available
Adway iT,http://www.adwayit.com,Domain not Available
Unilarity,http://www.unilarity.in,Domain not Available
Alt Mart,http://www.thealtmart.in,Domain not Available
Jarma,http://www.jarma.co.in,Domain not Available
WeAreGadgets.com,http://www.wearegadgets.com,Domain not Available
Cloud Computing TechSolutions Pvt,http://www.cloudsociety.in,Domain not Available
Einstein Energy Labs,http://www.einstein-energy.com,Domain not Available
YASHWORLD PRODUCTS PVT,http://www.yashworldproducts.com,Domain not Available
3 Spin,http://www.3sp.in,Domain not Available
CYLANCE Technolabs Pvt,http://www.cylancetechnolabs.com,Domain not Available
Nalini Networks Pvt,http://www.nalininetworks.org,Domain not Available
IPROM GROUP,http://www.ipromgroup.com,Domain not Available
AddiT Labs,http://www.additlabs.com,Domain not Available
ScriptoCademy,http://www.scriptocademy.com,Domain not Available
Drona India Pvt,http://www.dronacraft.com,Domain not Available
Mind Solutions Technology,http://www.mindxpert.com,Domain not Available
Vaan Megam Networks Private Limited,http://www.vaanmegam.net,Domain not Available
Introtallent Pvt,http://www.introtallent.com,Domain not Available
Five Online Website Solutions Pvt,http://www.fiveonline.in,Domain not Available
Hexadots,http://www.hexadots.in,Domain not Available
HMI Tech,http://www.hmi-tech.net,Domain not Available
NinthCreationsMedia Pvt,http://www.ninthcreationsmedia.com,Domain not Available
iDigitize Infotech,http://www.idigitize.co,Domain not Available
Mindscan Software Solutions,http://www.mindscansoftware.com,Domain not Available
AgriCPS,http://www.agricps.co,Domain not Available
Etomate Technology,http://www.etomate.com,Domain not Available
GoCinico,http://www.gocinico.com,Domain not Available
Kalpvaig,http://www.kalpvaig.com,Domain not Available
Babylonia Ag,http://www.babylonia.ag,Domain not Available
Street Light Software Pvt,http://www.streetlightsoftware.com,Domain not Available
Ebullientech Interactive,http://www.ebullientech.io,Domain not Available
ANVAYA Analytics Lab Pvt,http://www.anvayaanalytics.com,Domain not Available
SkyQuest Technology,http://www.skyquestt.com,Domain not Available
Plan Your Journey,http://www.planyourjourney.com,Domain not Available
Azetech Solutions,http://www.azetech.in,Domain not Available
SynapseIndia,http://www.synapseindia.com,Domain not Available
VirtiLens,http://www.virtilens.com,Domain not Available
Intellifer,http://www.intellifer.com,Domain not Available
Yaksha Visual,http://www.yakshavisualtechnologies.com,Domain not Available
Lions,http://www.lionstechnologies.com,Domain not Available
HashTrix Technologies Pvt,http://www.hashtrix.in,Domain not Available
ADORiT iT Services Pvt,http://www.asiinfotech.com,Domain not Available
Blue Ocean Group Bhopal,http://www.blueoceangroup.co.in,Domain not Available
DD Infosoft Private Limited,http://www.ddinfosoft.com,Domain not Available
Yoshi Agency,http://www.yoshi-agency.com,Domain not Available
Codeslab,http://www.codeslab.com,Domain not Available
AUISY,http://www.auisy.com,Domain not Available
MASTER YOURSELF ACADEMY,http://www.masteryourself.in,Domain not Available
Interprise,http://www.interprisetech.com,Domain not Available
BC to AD Hyperlink,http://www.bctoad.com,Domain not Available
WidEva Systems Private Limited,http://www.wideva.com,Domain not Available
Bow & Arrow Learning,http://www.bnalearning.com,Domain not Available
KESHAV MANGLAM IMPEX PRIVATE LIMITED,http://www.kmilab.com,Domain not Available
Clozon Technologies Private Limited,http://www.clozon.com,Domain not Available
RightCloudz,http://www.rightcloudz.com,Domain not Available
Steigend IT Solutions,http://www.steigendit.com,Domain not Available
PushAlert,http://www.pushalert.co,Domain not Available
SpryIQ Technologies Pvt,http://www.spryiq.co,Domain not Available
TS Web,http://www.tswebtechnologies.com,Domain not Available
EXP Experiential Marketing,http://www.expindia.in,Domain not Available
Beyondt,http://www.beyondt.in,Domain not Available
Replete Software Solution,http://www.repletesoftware.com,Domain not Available
TheInfoz.com Automation Where Sensors Speaks,http://www.theinfoz.com,Domain not Available
Aich,http://www.aichtechnologies.com,Domain not Available
SYNALGO TECHNOLOGIES PVT,http://www.synalgo.com,Domain not Available
Dezains Creative Solutions Pvt,http://www.dezains.com,Domain not Available
turingLabs,http://www.turinglabs.in,Domain not Available
Imaginative Identity Creators Pvt,http://www.iicreators.com,Domain not Available
Deals4India,http://www.deals4india.in,Domain not Available
Innovius Global Consultants,http://www.innoviusconsultants.com,Domain not Available
Bastion Infotech Pvt,http://www.bastioninfotech.com,Domain not Available
IntelX Money,http://www.intelxmoney.com,Domain not Available
HAPIH HOST,http://www.hapihhost.in,Domain not Available
Sapna Book House,http://www.sapna-group.com,Domain not Available
ImagineValley.com,http://www.imaginevalley.com,Domain not Available
Sutradhar Project Consultancy Pvt,http://www.sutradhar.co.in,Domain not Available
Sreeal Technologies Private Limited,http://www.sreeal.com,Domain not Available
Stigasoft,http://www.stigasoft.com,Domain not Available
VB eLabs Pvt,http://www.vbelabs.in,Domain not Available
RUDRA SOFTECH,http://www.rudrasoftech.com,Domain not Available
CloudPlus,http://www.cloudplustechnologies.com,Domain not Available
GSTUDIO ANIMATIONS,http://www.gstudioanimations.com,Domain not Available
Nirwaana,http://www.nirwaana.com,Domain not Available
Fur Jaden,http://www.furjaden.com,Domain not Available
Ayasta,http://www.ayasta.com,Domain not Available
ATHARVA ENGINEERING,http://www.atharva-engineering.com,Domain not Available
Capstone Mark,http://www.capstonemark.com,Domain not Available
Trance Home Linen,http://www.trancehomelinen.in,Domain not Available
Anaj Bazaar,http://www.anajbazaar.in,Domain not Available
GSOFT PAYROLL AND FINANCIAL FLOWS PVT,http://www.gpff.in,Domain not Available
Ideabright Infotech Private Limited,http://www.ideabrightinfotech.com,Domain not Available
IPHawk,http://www.iphawk.com,Domain not Available
Aim Technosoft India Pvt,http://www.aimtechnosoft.in,Domain not Available
Eurekamakers Wellness Pvt,http://www.myfabit.com,Domain not Available
Marksmen Digi,http://www.marksmendigitech.com,Domain not Available
GetAFix,http://www.evenforce.com,Domain not Available
Nesh,http://www.neshinc.com,Domain not Available
CrazeeMania,http://www.crazeemania.com,Domain not Available
NayaGaadi,http://www.nayagaadi.com,Domain not Available
StruFin,http://www.strufin.com,Domain not Available
Elegant IT Services,http://www.elegantitservices.in,Domain not Available
Gotisheel,http://www.gotisheel.com,Domain not Available
waaklabs,http://www.waaklabs.com,Domain not Available
GWInTech,http://www.gwintech.com,Domain not Available
CodeRays,http://www.coderays.com,Domain not Available
WebBila,http://www.webbila.in,Domain not Available
Wok Hospitality,http://www.thatwaffleplace.com,Domain not Available
xLayer,http://www.xlayer.in,Domain not Available
ERP Cubes Consulting,http://www.erpcubes.com,Domain not Available
Exo-Field,http://www.exo-field.com,Domain not Available
Red Turtle India,http://www.redturtle.in,Domain not Available
Upright International,http://www.uprightinternationalllp.com,Domain not Available
AIMBREAKTHROUGH,http://www.aimbreakthrough.com,Domain not Available
Bigiota Analytics,http://www.bigiota.ai,Domain not Available
Zyvika,http://www.zyvika.com,Domain not Available
ThinkCap Advisors,http://www.thinkcapadvisors.com,Domain not Available
Shaadismart.com,http://www.shaadismart.com,Domain not Available
AugmatrixLab,http://www.augmatrixlab.com,Domain not Available
Prism Infoways,http://www.prisminfoways.com,Domain not Available
Aether Dynamics Pvt,http://www.aethergps.com,Domain not Available
HaptiX,http://www.haptix.biz,Domain not Available
Dastech Infosystems,http://www.dastech.in,Domain not Available
Makemelive,http://www.makemelive.in,Domain not Available
Convivial Software Pvt,http://www.convivialsoftware.com,Domain not Available
CSG Technosol Private Limited,http://www.csgtech.in,Domain not Available
Sattvabit,http://www.sattvabit.com,Domain not Available
Karmanya,http://www.karmanya.co.in,Domain not Available
Sambar Stories,http://www.sambarstories.com,Domain not Available
Intriguity,http://www.intriguity.com,Domain not Available
Concevoir Web Services Pvt,http://www.concevoirwebservices.com,Domain not Available
Rodamo,http://www.rodamo.com,Domain not Available
in'Genie'ous pundits,http://www.ingenieouspundits.com,Domain not Available
TechVibrant,http://www.techvibrant.com,Domain not Available
Codegreen,http://www.codegreen.technology,Domain not Available
Webloop Infotech,http://www.webloopinfotech.com,Domain not Available
G-AXON,http://www.g-axon.com,Domain not Available
TheArmchair,http://www.thearmchair.in,Domain not Available
ZAPstore,http://www.zapstore.com,Domain not Available
VIJ,http://www.vijtech.com,Domain not Available
AKIN MARKETING,http://www.akinmarketing.com,Domain not Available
LightSpeed Business Consulting,http://www.lightspeedconsulting.in,Domain not Available
Yasham Software Services Pvt,http://www.yashams.com,Domain not Available
Sperotel,http://www.sperotel.com,Domain not Available
RapidAI,http://www.rapid-ai.com,Domain not Available
KET Infotech Private Limited,http://www.ketinfotech.com,Domain not Available
Stackboot,http://www.stackboot.in,Domain not Available
SSDT,http://www.ssdttech.com,Domain not Available
Xsis Informatics,http://www.xsisinformatics.com,Domain not Available
Cloudean Infotech,http://www.cloudean.com,Domain not Available
Mastek,http://www.masteksystems.com,Domain not Available
MotivPrints India,http://www.motivprints.com,Domain not Available
WiZARA,http://www.wizarainfotech.com,Domain not Available
Fractalio Data,http://www.fractalio.com,Domain not Available
NANTECH Solutions,http://www.nantech.solutions,Domain not Available
ConceptNXT,http://www.conceptnxt.com,Domain not Available
IT-Kwest,http://www.itkwest.com,Domain not Available
Etroit,http://www.etroittech.com,Domain not Available
IIC Web Solutions Pvt,http://www.iicwebsolutions.com,Domain not Available
Prompt Edify Pvt.Ltd,http://www.promptedify.com,Domain not Available
INNPACT SOLUTIONS,http://www.innpactsolutions.com,Domain not Available
The Sparks Farm,http://www.sparksfarmdesign.com,Domain not Available
STYFI,http://www.styfi.in,Domain not Available
8i Creations,http://www.8icreations.com,Domain not Available
Genesis,http://www.genesissoftware.co.in,Domain not Available
AirFi.in,http://www.airfi.in,Domain not Available
PRODECO TECHNOLOGIES PVT,http://www.prodeco.in,Domain not Available
Zara Inforise,http://www.zarainforise.com,Domain not Available
BeamStacks,http://www.beamstacks.com,Domain not Available
ACRYLIC SOLUTIONS PVT,http://www.acrylicsolutions.in,Domain not Available
Kenpath Technologies Pvt,http://www.kenpath.io,Domain not Available
Promon,http://www.promon.co.in,Domain not Available
spocto,http://www.spocto.com,Domain not Available
Azmarq Technovation Private Limited,http://www.azmarq.com,Domain not Available
Zrava Creative Concepts Pvt,http://www.zrava.com,Domain not Available
Leigia Solutions,http://www.leigia.com,Domain not Available
CTL Infocom Pvt,http://www.ctl.in,Domain not Available
Fifth Dimension,http://www.fifthdimensiontech.com,Domain not Available
Koot,http://www.koot.business,Domain not Available
Food From India Exim Pvt,http://www.foodfromindia.org,Domain not Available
WelkinHawk IT Solutions Private Limited,http://www.welkinhawk.com,Domain not Available
Cligent,http://www.cligent.com,Domain not Available
InstaDigin,http://www.instadigin.com,Domain not Available
Kompac Digital Solutions Pvt,http://www.kompacsolutions.com,Domain not Available
KA Group of Companies,http://www.kagroup.in,Domain not Available
XONIK,http://www.xonik.com,Domain not Available
Kritva Technologies Pvt,http://www.kritva.com,Domain not Available
TLA,http://www.tlaindia.com,Domain not Available
Genius Information clique,http://www.ginfoclique.com,Domain not Available
Kronicle Research,http://www.kronicle.in,Domain not Available
FuGen,http://www.fugensoftware.com,Domain not Available
Jireh Software Solutions,http://www.jirehsol.com,Domain not Available
LabelCentric.com,http://www.labelcentric.com,Domain not Available
Improsys,http://www.improsys.in,Domain not Available
voylite.com,http://www.voylite.com,Domain not Available
Aelius,http://www.aeliustechnologies.com,Domain not Available
Tecrizon Labs,http://www.tecrizon.com,Domain not Available
Smart Nirvana,http://www.smartnirvana.com,Domain not Available
Ritzyware,http://www.ritzyware.com,Domain not Available
CODEKINDLE SOLUTIONS PVT,http://www.codekindle.com,Domain not Available
Infimind Global IT Pvt,http://www.infimindglobal.com,Domain not Available
Tataatsu Idealabs,http://www.tataatsu.com,Domain not Available
Rahul Joshi,http://www.digitaldimensions.tech,Domain not Available
Tamiser Advisors Pvt,http://www.tamiser.in,Domain not Available
Intelytica,http://www.intelytica.com,Domain not Available
AIALGOS,http://www.aialgos.com,Domain not Available
MangoPeopleShop,http://www.mangopeopleshop.com,Domain not Available
AMLINO TECHNOLOGIES PVT,http://www.amlino.com,Domain not Available
Aumtech i-Solutions Pvt,http://www.aumtechindia.com,Domain not Available
Ekta,http://www.ektacorporation.com,Domain not Available
Bugfree Technologies Private Limited,http://www.bugfreetechnologies.com,Domain not Available
Ronnie Websolutions,http://www.ronniewebsolutions.com,Domain not Available
CodexLaza,http://www.codexlaza.com,Domain not Available
Maxsolz,http://www.maxsolz.com,Domain not Available
AZ Sellers,http://www.azsellers.in,Domain not Available
Supple Soft Pvt.Ltd,http://www.supplesoft.com,Domain not Available
Digital AdAge,http://www.digitaladage.com,Domain not Available
Disha Infotech Services,http://www.dishainfotechservices.com,Domain not Available
SkillReigns,http://www.skillreigns.com,Domain not Available
CoalesceFlow Pvt,http://www.coalesceflow.com,Domain not Available
Prisms Communications,http://www.prisms.in,Domain not Available
CodeBin,http://www.code-b.in,Domain not Available
iGnovate Solutions,http://www.ignovatesolutions.com,Domain not Available
Imajine,http://www.imajineweb.com,Domain not Available
PIZEONFLY,http://www.pizeonfly.com,Domain not Available
Namaste Vizag,http://www.namastevizag.com,Domain not Available
Global EyeT Software Solutions,http://www.globaleyet.com,Domain not Available
Electropro Global,http://www.electropro.in,Domain not Available
JOSHI CONSULTANCY SERVICES,http://www.joshics.in,Domain not Available
Cientra,http://www.cientra.com,Domain not Available
RV ENTERPRISES,http://www.rventerprises.org,Domain not Available
Shoppy Retail & Technology Services Pvt,http://www.oyeshoppy.com,Domain not Available
Panlingua Language Processing,http://www.panlingua.co.in,Domain not Available
Rentswale,http://www.rentswale.com,Domain not Available
OpenVision Systems Private Limited,http://www.openvisionsystems.com,Domain not Available
Codeflow,http://www.codeflow.co,Domain not Available
Tigersheet,http://www.tigersheet.com,Domain not Available
Roots Infocomm Private Limited,http://www.rootsitservices.com,Domain not Available
Melio Systems Private Limited,http://www.meliosystems.com,Domain not Available
Secvritas information security,http://www.secvritas.com,Domain not Available
Reverse Thought Creative Studio Pvt,http://www.reversethought.com,Domain not Available
MyRank,http://www.myrank.co.in,Domain not Available
#Mensch,http://www.hashtagmensch.com,Domain not Available
Edgevalue,http://www.edgevalue.com,Domain not Available
JustShop24.com,http://www.justshop24.com,Domain not Available
Hosting Ahead,http://www.hostingahead.com,Domain not Available
Eitan Software Labs,http://www.eitansoftwarelabs.com,Domain not Available
Ome Healthcare,http://www.omehealthcare.com,Domain not Available
DCPL Pte,http://www.dcplglobal.com,Domain not Available
eR4u- Easy Retail For You,http://www.er4u.in,Domain not Available
RL TechnoRitz,http://www.rltechnoritz.com,Domain not Available
The Night Marketer,http://www.thenightmarketer.com,Domain not Available
InstaTaskers,http://www.instataskers.com,Domain not Available
Lyncdigit,http://www.lyncdigit.com,Domain not Available
Yash Infinite Solutions Pvt,http://www.yashinfinite.com,Domain not Available
CurveFore Solutions,http://www.curvefore.com,Domain not Available
YEHLOSOFT INFOMEDIA,http://www.yehlosoft.com,Domain not Available
Trileotech Private Limited,http://www.trileotech.com,Domain not Available
Starline Infotech,http://www.starlineinfotech.net,Domain not Available
Truevision.ai,http://www.truevision.ai,Domain not Available
Tozzu Technology,http://www.tozzutechnology.com,Domain not Available
Nexia Digital,http://www.nexiadigital.com,Domain not Available
Affy Studios,http://www.affygroupfilms.com,Domain not Available
DevX Consultancy,http://www.devxconsultancy.com,Domain not Available
data BPS,http://www.data-bps.com,Domain not Available
Eduraja Cloud Communication PVT,http://www.eduraja.com,Domain not Available
TruptMan Solutions,http://www.truptman.com,Domain not Available
CMP Techno Services,http://www.cmptechnoservices.com,Domain not Available
jhana,http://www.jhana.ai,Domain not Available
Rehoboth Engineering and Contractors Pvt,http://www.rehobothinfra.com,Domain not Available
Kalpssoft,http://www.kalpssoft.com,Domain not Available
Globosoft,http://www.globosoft.in,Domain not Available
Dreamwebby W3 Services,http://www.dreamwebby.com,Domain not Available
NotNul,http://www.notnul.com,Domain not Available
Researchshala,http://www.researchshala.com,Domain not Available
Mind Mapperz,http://www.mindmapperz.com,Domain not Available
shoppingciti,http://www.shoppingciti.com,Domain not Available
RI-DRESS,http://www.ri-dress.com,Domain not Available
Inception X,http://www.inceptionx.in,Domain not Available
M/s Sairag Consultancy Services,http://www.sairagconsultancy.com,Domain not Available
VEBLOGY INNOVATIVE TECHNOLOGY PVT,http://www.veblogy.com,Domain not Available
Dreamjar Studios,http://www.dreamjarstudios.com,Domain not Available
Fabforma,http://www.fabforma.com,Domain not Available
IT Engineers Services,http://www.itengineers.co.in,Domain not Available
NetAnalytiks,http://www.netanalytiks.com,Domain not Available
Rajdharma Technologies Pvt,http://www.rajdharma.co.in,Domain not Available
Ashtech Infotech Pvt,http://www.ashinfo.com,Domain not Available
Noise,http://www.gonoise.com,Domain not Available
Sophy e-Technologies Pvt,http://www.sophytechnologies.com,Domain not Available
MaintWiz Technologies Private Limited,http://www.maintwiz.com,Domain not Available
InfoSoft Consultants,http://www.infosofttech.com,Domain not Available
Kapilash SSS Pvt,http://www.kapilash.in,Domain not Available
Ultykhopdi.com,http://www.ultykhopdi.com,Domain not Available
Terrenos Software Technologies Pvt,http://www.terrenostechnologies.com,Domain not Available
Athitya Soft,http://www.athityasoft.in,Domain not Available
Futuristik Digital Pvt,http://www.futuristikdigital.com,Domain not Available
Techfer Global Pvt,http://www.techferglobal.com,Domain not Available
Gamatics India Pvt,http://www.gamatics.in,Domain not Available
Infunity,http://www.infunitytech.com,Domain not Available
pickahome.com,http://www.pickahome.com,Domain not Available
Diginautix India,http://www.diginautix.com,Domain not Available
The Little Giants,http://www.thelittlegiants.in,Domain not Available
Technicul Cloud,http://www.technicul.com,Domain not Available
Bhartiyneer,http://www.bhartiyneer.com,Domain not Available
Websitica,http://www.websitica.com,Domain not Available
Local Punched Pvt,http://www.localpunched.com,Domain not Available
Simext Technologies Private Limited,http://www.simext.com,Domain not Available
Juhomi,http://www.juhomi.com,Domain not Available
Blue Rocks Events & Promotions Pvt,http://www.bluerocks.in,Domain not Available
AtomX Corporation Private Limited,http://www.atomx.in,Domain not Available
Modulesoft Solutions Private Limited,http://www.modulesoft.in,Domain not Available
SARCI.in,http://www.sarci.in,Domain not Available
One Tech Solutions,http://www.1techsolution.in,Domain not Available
IndiaSMS,http://www.indiasms.com,Domain not Available
Cloud Web Labs,http://www.cloudweblabs.com,Domain not Available
Padhchin IT and Marketing Services Private Limited,http://www.footprynt.in,Domain not Available
Belinnov Solutions,http://www.belinnov.com,Domain not Available
Bosontech IT Services Private Limited,http://www.bosontech.in,Domain not Available
Srimax,http://www.srimax.com,Domain not Available
GS Tecknoserve,http://www.gsteckno.com,Domain not Available
Right Side Business Solutions Private Limited,http://www.rightside.co.in,Domain not Available
Onyx Software Solutions,http://www.onyxsoftwaresolutions.com,Domain not Available
ZingUpLife,http://www.zinguplife.com,Domain not Available
Expedux Technologies Pvt,http://www.expedux.com,Domain not Available
Grandes Mentes Technologies Pvt,http://www.grandes-mentes.com,Domain not Available
Zyfoxe,http://www.zyfoxe.com,Domain not Available
Bitkart Retail,http://www.bitkart.com,Domain not Available
CyberX,http://www.cyberxtechnologies.com,Domain not Available
Teleglobal Communications Pvt,http://www.teleglobals.com,Domain not Available
Stonemobile India Pvt,http://www.stonemobilehk.com,Domain not Available
Ethnic Rajasthan,http://www.ethnicrajasthan.com,Domain not Available
JM Design Studio Pvt,http://www.joshmachines.com,Domain not Available
Pixotronics,http://www.pixotronics.com,Domain not Available
PlayMyPlay,http://www.playmyplay.com,Domain not Available
Revron Tech,http://www.revrontech.com,Domain not Available
Wesscosoft Technologies Private Limited,http://www.wesscosoft.com,Domain not Available
ProbLab Technologies Pvt,http://www.problab.in,Domain not Available
Firstatom,http://www.firstatom.org,Domain not Available
Khanna Travels and Holidays,http://www.khannatravels.com,Domain not Available
Jhink,http://www.jhink.com,Domain not Available
Cloudemy Technology Labs,http://www.cloudemy.io,Domain not Available
BasicallyAI,http://www.basicallyai.xyz,Domain not Available
PARI Technologies India,http://www.ptindia.org,Domain not Available
QualCentric Group,http://www.qualcentric.net,Domain not Available
Pensieve,http://www.pensieve.co.in,Domain not Available
AiimTech Software System,http://www.aiimtech.com,Domain not Available
Space-O,http://www.spaceotechnologies.com,Domain not Available
Prospus,http://www.prospus.com,Domain not Available
Aptapp Limited,http://www.aptapp.mobi,Domain not Available
ConQsys IT,http://www.conqsys.com,Domain not Available
JET AIR EXPRESS SERVICES,http://www.jetairexpress.in,Domain not Available
CyRAACS™,http://www.cyraacs.com,Domain not Available
Crozaint Technologies Pvt,http://www.crozaint.com,Domain not Available
Bringmyfood.in,http://www.bringmyfood.in,Domain not Available
VERSATYL,http://www.versatylwear.com,Domain not Available
Design Esthetics,http://www.designesthetics.com,Domain not Available
Analytic Brains Technologies Private Limited,http://www.analyticbrains.com,Domain not Available
VEMME VERTICALS PVT.LTD,http://www.vemme.in,Domain not Available
Sanganak,http://www.sanganaktechnologies.com,Domain not Available
SoftStudioz IT Services,http://www.softstudioz.com,Domain not Available
Lionasys,http://www.lionasys.com,Domain not Available
Chola Labs,http://www.cholalabs.com,Domain not Available
Zeengal Solutions,http://www.zeengal.com,Domain not Available
Yugank Media,http://www.yugank.in,Domain not Available
Team365CRM,http://www.team365.io,Domain not Available
Noastrix,http://www.noastrix.com,Domain not Available
MAT Consultants,http://www.mat-consultants.com,Domain not Available
Webrinx Informatics,http://www.webrinx.com,Domain not Available
XPLOCC,http://www.xplocc.com,Domain not Available
Surabhi Technology Services,http://www.surabhitek.com,Domain not Available
Spenser,http://www.spenser.co.in,Domain not Available
ConsultMate,http://www.consultmate.com,Domain not Available
Zeezeezoo.com,http://www.zeezeezoo.com,Domain not Available
INCI Tech,http://www.incitech.com,Domain not Available
Pi2 Square Private Limited,http://www.pi2square.com,Domain not Available
ODIVA,http://www.odivaindia.com,Domain not Available
Giggs Software Labs,http://www.giggslab.com,Domain not Available
ArtzFolio,http://www.artzfolio.com,Domain not Available
Zenfotec Solutions,http://www.zenfotec.com,Domain not Available
Neo Tokyo,http://www.neotokyo.in,Domain not Available
Monarch Compusys Pvt,http://www.monarchcompusys.com,Domain not Available
WaterCore Design,http://www.watercore.design,Domain not Available
Indiancashback.com,http://www.indiancashback.com,Domain not Available
Network Techlab Pvt,http://www.netlabindia.com,Domain not Available
AyeLabz,http://www.ayelabz.com,Domain not Available
Marjan Machinery,http://www.marjansolar.com,Domain not Available
Sacumen,http://www.sacumen.com,Domain not Available
Retouching India,http://www.retouchingindia.com,Domain not Available
Thincovate Software Solutions,http://www.thincovate.com,Domain not Available
Technophile,http://www.technophile.in,Domain not Available
BoxNsights Soft Tech Pvt,http://www.boxnsights.com,Domain not Available
MagDiSoft Solutions,http://www.magdisoft.com,Domain not Available
SHAURYA INFOTECH,http://www.shauryainfotech.in,Domain not Available
Shriman Technologies Private Limited,http://www.shrimantech.com,Domain not Available
ADMAVIN,http://www.admavin.com,Domain not Available
Neoline Info Solutions and e-com Pvt,http://www.neoline.in,Domain not Available
OPASIS,http://www.opasis.com,Domain not Available
Quadrant Informatics Pvt,http://www.quadrant.technology,Domain not Available
VENATRIX PRIVATE LIMITED,http://www.venatrix.in,Domain not Available
SBricks,http://www.sbricks.com,Domain not Available
Brian Soft Global Services,http://www.briansoftglobalservices.com,Domain not Available
VcareAll Solution Private Limited,http://www.vcareall.com,Domain not Available
AppsTechy Private Limited,http://www.appstechy.com,Domain not Available
MythyaVerse,http://www.mythyaverse.com,Domain not Available
AgileCaterpillar,http://www.agilecaterpillar.com,Domain not Available
OWeSee Cloud Communications Pvt,http://www.owesee.com,Domain not Available
IBIRDS SOFTWARE SERVICES PVT,http://www.ibirdsservices.com,Domain not Available
Digiguroo,http://www.digiguroo.com,Domain not Available
INCLOTECH,http://www.inclotech.com,Domain not Available
Neubel,http://www.neubeltech.com,Domain not Available
NearBuzz,http://www.nearbuzz.com,Domain not Available
ViableTechnologies,http://www.viabletechnologies.in,Domain not Available
InstaSafe EMEA,http://www.ky2sc.in,Domain not Available
Shine Servers,http://www.shineservers.com,Domain not Available
Elementate,http://www.elementate.com,Domain not Available
Cowhite Software Pvt,http://www.cowhite.com,Domain not Available
Simbus,http://www.simbustech.com,Domain not Available
Finasyst,http://www.finasyst.in,Domain not Available
Tatva Yog,http://www.tatvayog.com,Domain not Available
Digital Infratech Pvt,http://www.digitalinfratech.com,Domain not Available
Apps Shoppy,http://www.appsshoppy.com,Domain not Available
Chit Chat Chai™,http://www.chitchatchai.in,Domain not Available
Anzen Technology,http://www.anzentechnology.com,Domain not Available
SEO Service in India,http://www.seoserviceinindia.co.in,Domain not Available
Eximuz Technolabs,http://www.eximuz.com,Domain not Available
Tornotron,http://www.tornotron.com,Domain not Available
Siteworx Infotech,http://www.siteworx.in,Domain not Available
PIRO Technologies Private Limited,http://www.pirotechnologies.com,Domain not Available
CyberDude Networks Private Limited,http://www.cyberdudenetworks.com,Domain not Available
AptiveGlobe,http://www.aptiveglobe.com,Domain not Available
InfoRepos,http://www.inforepos.com,Domain not Available
Vaidik Ecosystems Pvt,http://www.vaidikecosystems.com,Domain not Available
Appilary,http://www.appilary.com,Domain not Available
DataStunt,http://www.datastunt.com,Domain not Available
Ninesec Integration Pvt,http://www.ninesec.com,Domain not Available
Demerg Systems India,http://www.demergsystems.com,Domain not Available
Cenmax,http://www.cenmax.in,Domain not Available
Lagineni Technologies & Transformation Systems Private Limited,http://www.ltntsystems.com,Domain not Available
Gurupriyam Innovation Labs Pvt,http://www.gurupriyam.in,Domain not Available
ATTOINFOTECH,http://www.attoinfotech.com,Domain not Available
Kinai Infotech,http://www.kinaiinfotech.com,Domain not Available
C Search Consultants Pvt,http://www.csearchconsultants.com,Domain not Available
Kaprat Consultancy Services,http://www.kaprat.com,Domain not Available
BrandLand Advertising Pvt,http://www.brandland.in,Domain not Available
Ideabucket Createch Solutions,http://www.ideabucket.in,Domain not Available
INSITY,http://www.insity.com,Domain not Available
ShimBi Computing Laboratories Pvt,http://www.shimbilabs.com,Domain not Available
Web Element Solutions Limited,http://www.webelementinc.com,Domain not Available
Fidelity Holidays Pvt,http://www.fidelityholidays.com,Domain not Available
Bridgeicon IT Services,http://www.bridgeicon.com,Domain not Available
Mecarnic Technologies Pvt,http://www.mecarnic.com,Domain not Available
PraGaut Technologies Pvt,http://www.pragaut.com,Domain not Available
Motovil India Private Limited,http://www.motovil.com,Domain not Available
Verchaska,http://www.verchaska.com,Domain not Available
Oaknst,http://www.oaknst.com,Domain not Available
Concern Infotech Pvt,http://www.concerninfotech.com,Domain not Available
DBZeus,http://www.dbzeus.com,Domain not Available
Symbio Generrics India Pvt,http://www.symbiogenerics.com,Domain not Available
PANIT,http://www.panit.in,Domain not Available
iBrandox Online Pvt,http://www.ibrandox.com,Domain not Available
Praxis Services Pvt,http://www.praxis-services.com,Domain not Available
Akrivia Automation,http://www.akrivia.in,Domain not Available
Strivens,http://www.strivenstechnologies.com,Domain not Available
Pyrumas Software Pvt,http://www.pyrumas.com,Domain not Available
Cloud,http://www.cloudnetworks.in,Domain not Available
Axiom Consulting,http://www.axiomconsulting.in,Domain not Available
Megh 9,http://www.megh9.com,Domain not Available
Keeves,http://www.keevestechnologies.com,Domain not Available
DMACHS,http://www.dmachs.in,Domain not Available
Vauchar,http://www.vauchar.com,Domain not Available
Econz IT Services,http://www.econz.cloud,Domain not Available
URBAN RETAIL PVT,http://www.urbanretail.in,Domain not Available
Tamarind,http://www.tamarindservices.com,Domain not Available
Optron Academy,http://www.optron.in,Domain not Available
Peafowlsoft Private Limited,http://www.peafowlsoft.com,Domain not Available
Almighty Consulting Solutions Pvt,http://www.almightycs.com,Domain not Available
Diadem Technologies Pvt,http://www.diadem.in,Domain not Available
Colourful Creations,http://www.colourfulcreations.in,Domain not Available
Prime ABGB Pvt,http://www.primeabgb.com,Domain not Available
AppsBuddha,http://www.appsbuddha.com,Domain not Available
Next Generation Computers,http://www.nextgen.cc,Domain not Available
Sensible Connect Solutions Pvt,http://www.sensibleconnect.com,Domain not Available
Nimaisoft Systems Pvt,http://www.nimaisoft.com,Domain not Available
Genic AI,http://www.genic.ai,Domain not Available
Nutrimap Healthtech solutions,http://www.nutrimap.in,Domain not Available
Broad Strokes Ventures,http://www.broadstrokesgroup.com,Domain not Available
Swasthi Computers,http://www.swasthicomputers.com,Domain not Available
BANTECH,http://www.bantechsolutions.com,Domain not Available
webkites interactive media,http://www.webkites.in,Domain not Available
INFOTRONICX PRIVATE LIMITED,http://www.infotronicx.com,Domain not Available
Acertec Technologies Private Limited,http://www.acertecgroup.com,Domain not Available
Enverden Labs,http://www.enverdenlabs.com,Domain not Available
Consonant One,http://www.consonant.one,Domain not Available
Ingenious Folks- Digital Advertising Agency,http://www.ingeniousfolks.com,Domain not Available
Color Papers India Private Limited,http://www.colorpapers.ltd,Domain not Available
Creative Web Mall Pvt,http://www.creativewebmall.com,Domain not Available
INFICTION LABS PRIVATE LIMITED,http://www.infictionlabs.com,Domain not Available
Safeway Immigration Consultants Pvt,http://www.safewayonline.net,Domain not Available
Codeeaq,http://www.codeeaq.com,Domain not Available
SimBeez IT Solutions,http://www.simbeez.com,Domain not Available
Popway Innovations,http://www.popway.in,Domain not Available
CELIEGO SOFTWARE SERVICES,http://www.celiego.com,Domain not Available
CarbonFixers,http://www.carbonfixers.com,Domain not Available
CodeRower Software Private Limited,http://www.coderower.com,Domain not Available
Crimson Innovative,http://www.crimsoninnovative.com,Domain not Available
NXTDC Data Center and Cloud Services Private Limited,http://www.nxtdc.com,Domain not Available
Digital Ripples,http://www.digitalripples.ai,Domain not Available
Dipsons Tech,http://www.itcart.in,Domain not Available
Shopwati,http://www.shopwati.com,Domain not Available
Ved Web Services,http://www.vedwebservices.com,Domain not Available
Dart Innovations,http://www.dartinnovations.com,Domain not Available
WTS Business Solutions,http://www.webtechstreet.com,Domain not Available
IntelligentEdge.ai,http://www.intelligentedge.ai,Domain not Available
Hurain Infotech,http://www.huraininfotech.com,Domain not Available
Huppme.com,http://www.huppme.com,Domain not Available
HashBinary Services,http://www.hashbinary.com,Domain not Available
Croyant,http://www.croyanttech.com,Domain not Available
PreCloud,http://www.precloud.in,Domain not Available
Clofus Innovations,http://www.clofusinnovations.com,Domain not Available
iFAST Financial India Pvt,http://www.ifastfinancial.co.in,Domain not Available
Netstratum,http://www.netstratum.com,Domain not Available
3ACES,http://www.3aces.in,Domain not Available
Elite Informatics,http://www.eliteinformatics.com,Domain not Available
Novitat Engineering Solutions,http://www.novitatlabs.com,Domain not Available
Meta Functions,http://www.metafns.com,Domain not Available
World Cloud,http://www.worldcloud.co.in,Domain not Available
GeoSpatial Design Labs,http://www.geospatiallabs.com,Domain not Available
Chavans,http://www.chavans.in,Domain not Available
Outer Circle Digital Services Pvt,http://www.outercircle.in,Domain not Available
AXIL SOLUTIONS,http://www.axilsolutions.com,Domain not Available
Fortune4,http://www.fortune4.in,Domain not Available
Econoxy Solutions Pvt,http://www.econoxy.com,Domain not Available
Vitt.AI,http://www.vitt.ai,Domain not Available
s9fashion.com,http://www.s9fashion.com,Domain not Available
Decodeal.in,http://www.decodeal.in,Domain not Available
SL IT Solutions,http://www.slitsolutions.com,Domain not Available
Nexelt Digital Pvt,http://www.nexelt.com,Domain not Available
Spacelance Office Solutions,http://www.spacelance.com,Domain not Available
Glisten Software Pvt,http://www.glistensoft.com,Domain not Available
Cloudgraff,http://www.cloudgraff.com,Domain not Available
PlantDeck,http://www.plantdeck.com,Domain not Available
Alphabet Developers,http://www.alphabetsoftwares.in,Domain not Available
Brain Infotech,http://www.braininfotech.com,Domain not Available
Add On IT,http://www.addonit.in,Domain not Available
WebHugh®,http://www.webhugh.com,Domain not Available
Livetechindia,http://www.livetechindia.com,Domain not Available
Crux Infotech Pvt,http://www.cruxinfotech.com,Domain not Available
EinNel,http://www.einnel.com,Domain not Available
AssurePluz,http://www.assurepluz.com,Domain not Available
Ctrl Alt Experience,http://www.ctrlaltxp.com,Domain not Available
Harbacore,http://www.harbacore.com,Domain not Available
Waviz,http://www.waviz.com,Domain not Available
Xpert Developer,http://www.xpertdeveloper.com,Domain not Available
Point of Hue,http://www.pointofhue.in,Domain not Available
Symatic Solutions,http://www.symaticsolutions.com,Domain not Available
NYSHA SOLUTIONS,http://www.nyshasolutions.com,Domain not Available
Vcode Infotech,http://www.vcodeinfotech.com,Domain not Available
Saans International,http://www.saansinternational.com,Domain not Available
Invanos,http://www.invanos.com,Domain not Available
Chungath Jewellery,http://www.chungathjewellery.com,Domain not Available
Otherside Consulting,http://www.othersideconsulting.com,Domain not Available
DBAce Technologies Pvt,http://www.dbacetech.com,Domain not Available
Busyorders™,http://www.busyorders.com,Domain not Available
EthicalByte,http://www.ethicalbyte.in,Domain not Available
Parivarthak Training and Consultancy,http://www.krupajkrishnan.com,Domain not Available
Tshirtwala,http://www.tshirtwala.com,Domain not Available
CENTRADO TECH SOLUTIONS PVT,http://www.centrado-tech.com,Domain not Available
MNJ,http://www.mnjsoftware.com,Domain not Available
Intellobots Technologies Pvt,http://www.intellobots.com,Domain not Available
Pykara,http://www.pykara.net,Domain not Available
KOPA GLOBAL,http://www.kopatech.com,Domain not Available
MapSolve AI,http://www.mapsolve.ai,Domain not Available
Magronic contrivance,http://www.magronic.in,Domain not Available
Parken Solution,http://www.par-ken.com,Domain not Available
Open Source Circle,http://www.opensourcecircle.com,Domain not Available
PHPPixel,http://www.phppixel.com,Domain not Available
Dexterity Techsys Pvt,http://www.dexterityindia.com,Domain not Available
REJAG,http://www.rejag.com,Domain not Available
HCIN Networks Private Limited,http://www.hicomindia.com,Domain not Available
NewGenBot,http://www.newgenbot.com,Domain not Available
Macronimous web solutions Pvt,http://www.macronimous.com,Domain not Available
Calpod,http://www.arted.in,Domain not Available
DreamCode Infotech,http://www.dreamcodeinfotech.com,Domain not Available
Yotta Bytes Solution,http://www.yottabytessolution.com,Domain not Available
Stratxglobal Solutions,http://www.stratxglobal.com,Domain not Available
Taxtron Technologies Pvt,http://www.taxtrontechnologies.com,Domain not Available
MAK AI,http://www.aimak.in,Domain not Available
i-SOFTZONE,http://www.isoftzone.com,Domain not Available
CYFER,http://www.cyfersolutions.com,Domain not Available
IStrides,http://www.istrides.in,Domain not Available
Trafficpullz® Cloud,http://www.trafficpullz.com,Domain not Available
Trinity Air Travel and Tours Pvt,http://www.trinityairtravel.com,Domain not Available
Tap2Trade,http://www.tap2trade.com,Domain not Available
Green Cosmos Energy Solutions Pvt,http://www.greencosmos.in,Domain not Available
rentabike.in,http://www.rentabike.in,Domain not Available
Mpluse Fintech Pvt,http://www.mpluse.in,Domain not Available
Digimetryx Solutions Pvt,http://www.digimetryx.com,Domain not Available
Datacluster Labs,http://www.datacluster.ai,Domain not Available
Real Time Solutions,http://www.realtimesolutions.in,Domain not Available
Wesben Technologies Private Limited,http://www.wesbentechnologies.com,Domain not Available
Quadrasystems.net India Pvt,http://www.quadrasystems.net,Domain not Available
Avega,http://www.avega.in,Domain not Available
NOOS,http://www.noostechnologies.com,Domain not Available
ExellarTech,http://www.exellartech.com,Domain not Available
HasoTechnology,http://www.hasotech.com,Domain not Available
TrustLogic Consulting,http://www.trustlogic.us,Domain not Available
Pioneercodes,http://www.pioneercodes.com,Domain not Available
Artlivo,http://www.artlivo.com,Domain not Available
TechEd Trainings,http://www.techedtrainings.com,Domain not Available
Sutlej Soft,http://www.sutlejsoft.com,Domain not Available
ITecHope,http://www.itechope.com,Domain not Available
N B V P,http://www.nbvptechnologies.com,Domain not Available
High Speak,http://www.highspeak.com,Domain not Available
AGN Software Consultants,http://www.agn.in,Domain not Available
TRONIXWARE,http://www.tronixware.com,Domain not Available
SMARTnCODE Technologies Pvt,http://www.smartncode.com,Domain not Available
Sekhri's Academy,http://www.sekhriacademy.com,Domain not Available
Digital Edge,http://www.digitaledgemart.com,Domain not Available
SunAnshul Technologies Pvt,http://www.sunanshul.com,Domain not Available
CrucibleNX,http://www.cruciblenx.com,Domain not Available
ATEMON Technology Consultants,http://www.atemon.com,Domain not Available
Bionworks an IQVIA Business,http://www.bionworks.com,Domain not Available
TexTRAH,http://www.textrah.com,Domain not Available
Skillverse Academy,http://www.skillverse.academy,Domain not Available
Panaro Tech Private Limited,http://www.panarotech.com,Domain not Available
Manas IT,http://www.manasit.in,Domain not Available
Coding Superstar,http://www.codingsuperstar.com,Domain not Available
Densetek Infotech,http://www.densetek.com,Domain not Available
ZapBase,http://www.zapbase.com,Domain not Available
EquipOptimizacions Software Pvt,http://www.eosadvantage.io,Domain not Available
PAZZO,http://www.pazzo.in,Domain not Available
Assisted Reproductive Technology Information,http://www.artisivf.com,Domain not Available
SrushtiSoft,http://www.srushti-soft.com,Domain not Available
vidyaroha,http://www.vidyaroha.com,Domain not Available
ArtyOwl.com,http://www.artyowl.com,Domain not Available
Octane Apps,http://www.octaneapps.com,Domain not Available
autocon.biz,http://www.autocon.in,Domain not Available
Digitranx,http://www.digitranx.com,Domain not Available
Ambiosys Labs Private Limited,http://www.ambiosys.com,Domain not Available
Man Machine,http://www.mmsindia.com,Domain not Available
UrbanPlace.in,http://www.urbanplace.in,Domain not Available
Tres Mercari Group,http://www.amortela.com,Domain not Available
Bandro,http://www.bandro.com,Domain not Available
Coder Valley Solution Private Limited,http://www.codervalleysolution.com,Domain not Available
Glue Lagoon Interactive,http://www.gluelagoon.com,Domain not Available
Indopacific Education Services,http://www.indopacificservices.com,Domain not Available
RankHigher.in,http://www.rankhigher.in,Domain not Available
Oro Media Lab Private Limited,http://www.oromedialab.com,Domain not Available
Immense Consulting Services Pvt,http://www.immenseglobal.in,Domain not Available
MarkTeQ IT Solutions,http://www.markteq.com,Domain not Available
Reelmonk.com,http://www.reelmonk.com,Domain not Available
Unimind Quantum,http://www.unimind.in,Domain not Available
Learning Linkups Solutions,http://www.learninglinkups.com,Domain not Available
ICASR Global Education,http://www.icasr.org,Domain not Available
RoVik Labs,http://www.roviklabs.com,Domain not Available
ARTPARK,http://www.artpark.in,Domain not Available
HETA DATAIN,http://www.hetadatain.com,Domain not Available
Assemtica Robotics Pvt,http://www.assemtica.com,Domain not Available
